{
    "t#bar{t} unmatchable": {
        "looseNOTTight/MTHigh/lo": [
            1819.2476879805326,
            18.767297591132063
        ],
        "tight/MTHigh/hi": [
            0.0,
            0.0
        ],
        "looseNOTTight/MTHigh/hi": [
            0.0,
            0.0
        ],
        "tight/MTHigh/lo": [
            27263.317421087995,
            70.35433776664259
        ]
    },
    "t#bar{t} matchable": {
        "looseNOTTight/MTHigh/lo": [
            1073.8222388029099,
            14.46445663913176
        ],
        "tight/MTHigh/hi": [
            0.0,
            0.0
        ],
        "looseNOTTight/MTHigh/hi": [
            0.0,
            0.0
        ],
        "tight/MTHigh/lo": [
            21531.312616571784,
            62.60285284498105
        ]
    },
    "QCD": {
        "looseNOTTight/MTHigh/lo": [
            0.0,
            0.0
        ],
        "tight/MTHigh/hi": [
            6892.453788312152,
            4656.658281331423
        ],
        "looseNOTTight/MTHigh/hi": [
            11374.798171281815,
            2833.9665938528315
        ],
        "tight/MTHigh/lo": [
            0.0,
            0.0
        ]
    },
    "Other t#bar{t}": {
        "looseNOTTight/MTHigh/lo": [
            372.4407828003168,
            8.478128267431535
        ],
        "tight/MTHigh/hi": [
            0.0,
            0.0
        ],
        "looseNOTTight/MTHigh/hi": [
            0.0,
            0.0
        ],
        "tight/MTHigh/lo": [
            5965.411409843713,
            32.788338674487434
        ]
    },
    "Observed": {
        "looseNOTTight/MTHigh/lo": [
            7050.0,
            83.96427811873333
        ],
        "tight/MTHigh/hi": [
            0.0,
            0.0
        ],
        "looseNOTTight/MTHigh/hi": [
            0.0,
            0.0
        ],
        "tight/MTHigh/lo": [
            77561.0,
            278.4977558257876
        ]
    },
    "t#bar{t} matched": {
        "looseNOTTight/MTHigh/lo": [
            681.9737888430245,
            11.345647086248768
        ],
        "tight/MTHigh/hi": [
            0.0,
            0.0
        ],
        "looseNOTTight/MTHigh/hi": [
            0.0,
            0.0
        ],
        "tight/MTHigh/lo": [
            15432.4328589855,
            52.23716068485735
        ]
    },
    "Other": {
        "looseNOTTight/MTHigh/lo": [
            1960.771424989216,
            735.5992166143905
        ],
        "tight/MTHigh/hi": [
            0.0,
            0.0
        ],
        "looseNOTTight/MTHigh/hi": [
            0.0,
            0.0
        ],
        "tight/MTHigh/lo": [
            3982.0045912459027,
            285.0295920886584
        ]
    },
    "single top": {
        "looseNOTTight/MTHigh/lo": [
            0.0,
            0.0
        ],
        "tight/MTHigh/hi": [
            9601.216006051749,
            96.74746378535168
        ],
        "looseNOTTight/MTHigh/hi": [
            451.94320127367973,
            21.416781227877543
        ],
        "tight/MTHigh/lo": [
            0.0,
            0.0
        ]
    },
    "t#bar{t}": {
        "looseNOTTight/MTHigh/lo": [
            0.0,
            0.0
        ],
        "tight/MTHigh/hi": [
            222004.49406421185,
            200.64951561187902
        ],
        "looseNOTTight/MTHigh/hi": [
            10862.116879984736,
            45.91943648728989
        ],
        "tight/MTHigh/lo": [
            0.0,
            0.0
        ]
    },
    "EW": {
        "looseNOTTight/MTHigh/lo": [
            0.0,
            0.0
        ],
        "tight/MTHigh/hi": [
            6479.000709623797,
            615.1806155094292
        ],
        "looseNOTTight/MTHigh/hi": [
            254.7264440068975,
            124.86898852012034
        ],
        "tight/MTHigh/lo": [
            0.0,
            0.0
        ]
    }
}