{
    "t#bar{t} unmatchable": {
        "looseNOTTight/MTLow/hi": [
            0.0,
            0.0
        ],
        "looseNOTTight/MTHigh/lo": [
            1914.9905108492821,
            19.448904651155917
        ],
        "tight/MTHigh/lo": [
            28679.706772116944,
            72.86773659818955
        ],
        "tight/MTLow/lo": [
            15247.950251787901,
            52.973830866762235
        ],
        "looseNOTTight/MTLow/lo": [
            902.1724685877562,
            13.335643845077891
        ],
        "looseNOTTight/MTHigh/hi": [
            0.0,
            0.0
        ],
        "tight/MTLow/hi": [
            0.0,
            0.0
        ],
        "tight/MTHigh/hi": [
            0.0,
            0.0
        ]
    },
    "t#bar{t} matchable": {
        "looseNOTTight/MTLow/hi": [
            0.0,
            0.0
        ],
        "looseNOTTight/MTHigh/lo": [
            1141.6405625343323,
            15.055491326266635
        ],
        "tight/MTHigh/lo": [
            22896.719462938607,
            65.15837409045618
        ],
        "tight/MTLow/lo": [
            12311.935653701425,
            47.62949006876629
        ],
        "looseNOTTight/MTLow/lo": [
            545.1052689105272,
            10.349478252507328
        ],
        "looseNOTTight/MTHigh/hi": [
            0.0,
            0.0
        ],
        "tight/MTLow/hi": [
            0.0,
            0.0
        ],
        "tight/MTHigh/hi": [
            0.0,
            0.0
        ]
    },
    "single top": {
        "looseNOTTight/MTLow/hi": [
            0.0,
            0.0
        ],
        "looseNOTTight/MTHigh/lo": [
            0.0,
            0.0
        ],
        "tight/MTHigh/lo": [
            0.0,
            0.0
        ],
        "tight/MTLow/lo": [
            4922.405822753906,
            70.56602888539034
        ],
        "looseNOTTight/MTLow/lo": [
            226.90570068359375,
            15.396715420189173
        ],
        "looseNOTTight/MTHigh/hi": [
            463.60330836474895,
            21.959331115823804
        ],
        "tight/MTLow/hi": [
            0.0,
            0.0
        ],
        "tight/MTHigh/hi": [
            9860.008911024779,
            98.84621801730779
        ]
    },
    "Other t#bar{t}": {
        "looseNOTTight/MTLow/hi": [
            0.0,
            0.0
        ],
        "looseNOTTight/MTHigh/lo": [
            393.8449579924345,
            8.817051713024474
        ],
        "tight/MTHigh/lo": [
            6277.239321727306,
            33.986639043288775
        ],
        "tight/MTLow/lo": [
            2206.2077359706163,
            20.190279171087724
        ],
        "looseNOTTight/MTLow/lo": [
            208.27423475682735,
            6.4002614857269045
        ],
        "looseNOTTight/MTHigh/hi": [
            0.0,
            0.0
        ],
        "tight/MTLow/hi": [
            0.0,
            0.0
        ],
        "tight/MTHigh/hi": [
            0.0,
            0.0
        ]
    },
    "Observed": {
        "looseNOTTight/MTLow/hi": [
            0.0,
            0.0
        ],
        "looseNOTTight/MTHigh/lo": [
            7317.0,
            85.53946457629952
        ],
        "tight/MTHigh/lo": [
            80047.0,
            282.92578532187554
        ],
        "tight/MTLow/lo": [
            42009.0,
            204.9609718946512
        ],
        "looseNOTTight/MTLow/lo": [
            5831.0,
            76.36098480245
        ],
        "looseNOTTight/MTHigh/hi": [
            0.0,
            0.0
        ],
        "tight/MTLow/hi": [
            0.0,
            0.0
        ],
        "tight/MTHigh/hi": [
            0.0,
            0.0
        ]
    },
    "t#bar{t} matched": {
        "looseNOTTight/MTLow/hi": [
            0.0,
            0.0
        ],
        "looseNOTTight/MTHigh/lo": [
            710.7557684332132,
            11.741913231121247
        ],
        "tight/MTHigh/lo": [
            16081.337249357704,
            54.03297002764443
        ],
        "tight/MTLow/lo": [
            8759.104070141912,
            39.73251276942524
        ],
        "looseNOTTight/MTLow/lo": [
            348.29439298808575,
            8.188601140606833
        ],
        "looseNOTTight/MTHigh/hi": [
            0.0,
            0.0
        ],
        "tight/MTLow/hi": [
            0.0,
            0.0
        ],
        "tight/MTHigh/hi": [
            0.0,
            0.0
        ]
    },
    "Other": {
        "looseNOTTight/MTLow/hi": [
            0.0,
            0.0
        ],
        "looseNOTTight/MTHigh/lo": [
            1996.3000995432958,
            748.1427243972842
        ],
        "tight/MTHigh/lo": [
            4338.974190467561,
            312.3659225528177
        ],
        "tight/MTLow/lo": [
            3364.2668624596554,
            349.67991608051716
        ],
        "looseNOTTight/MTLow/lo": [
            1721.508820336312,
            344.51903187231295
        ],
        "looseNOTTight/MTHigh/hi": [
            0.0,
            0.0
        ],
        "tight/MTLow/hi": [
            0.0,
            0.0
        ],
        "tight/MTHigh/hi": [
            0.0,
            0.0
        ]
    },
    "QCD": {
        "looseNOTTight/MTLow/hi": [
            0.0,
            0.0
        ],
        "looseNOTTight/MTHigh/lo": [
            0.0,
            0.0
        ],
        "tight/MTHigh/lo": [
            0.0,
            0.0
        ],
        "tight/MTLow/lo": [
            11668.9326171875,
            4547.323003132863
        ],
        "looseNOTTight/MTLow/lo": [
            21673.392333984375,
            4105.957222876362
        ],
        "looseNOTTight/MTHigh/hi": [
            11424.280609607697,
            2820.820239326709
        ],
        "tight/MTLow/hi": [
            0.0,
            0.0
        ],
        "tight/MTHigh/hi": [
            3200.8539085974917,
            52.498651877988394
        ]
    },
    "t#bar{t}": {
        "looseNOTTight/MTLow/hi": [
            0.0,
            0.0
        ],
        "looseNOTTight/MTHigh/lo": [
            0.0,
            0.0
        ],
        "tight/MTHigh/lo": [
            0.0,
            0.0
        ],
        "tight/MTLow/lo": [
            114538.314453125,
            145.21256068631817
        ],
        "looseNOTTight/MTLow/lo": [
            5076.7901611328125,
            31.626681580820442
        ],
        "looseNOTTight/MTHigh/hi": [
            11318.203575983644,
            47.38447871229067
        ],
        "tight/MTLow/hi": [
            0.0,
            0.0
        ],
        "tight/MTHigh/hi": [
            231092.80709674954,
            206.87071634046248
        ]
    },
    "EW": {
        "looseNOTTight/MTLow/hi": [
            0.0,
            0.0
        ],
        "looseNOTTight/MTHigh/lo": [
            0.0,
            0.0
        ],
        "tight/MTHigh/lo": [
            0.0,
            0.0
        ],
        "tight/MTLow/lo": [
            4055.5056762695312,
            454.4106033925355
        ],
        "looseNOTTight/MTLow/lo": [
            291.81016635894775,
            131.8941706231554
        ],
        "looseNOTTight/MTHigh/hi": [
            250.58321625948884,
            122.94219392256957
        ],
        "tight/MTLow/hi": [
            0.0,
            0.0
        ],
        "tight/MTHigh/hi": [
            6631.366373815574,
            622.9804439070997
        ]
    }
}