{
    "t#bar{t} unmatchable": {
        "looseNOTTight/MTLow/hi": [
            0.0,
            0.0
        ],
        "looseNOTTight/MTHigh/lo": [
            1915.190232696943,
            19.451149231569097
        ],
        "tight/MTHigh/lo": [
            28682.113367125392,
            72.87438932887734
        ],
        "tight/MTLow/lo": [
            15249.541083142161,
            52.97993422304052
        ],
        "looseNOTTight/MTLow/lo": [
            902.2319714576006,
            13.33660144831091
        ],
        "looseNOTTight/MTHigh/hi": [
            0.0,
            0.0
        ],
        "tight/MTLow/hi": [
            0.0,
            0.0
        ],
        "tight/MTHigh/hi": [
            0.0,
            0.0
        ]
    },
    "t#bar{t} matchable": {
        "looseNOTTight/MTLow/hi": [
            0.0,
            0.0
        ],
        "looseNOTTight/MTHigh/lo": [
            1141.6873680353165,
            15.056079909835262
        ],
        "tight/MTHigh/lo": [
            22898.426178373396,
            65.16370819188798
        ],
        "tight/MTLow/lo": [
            12312.591024130583,
            47.6321390779327
        ],
        "looseNOTTight/MTLow/lo": [
            545.1219751238823,
            10.349803391082014
        ],
        "looseNOTTight/MTHigh/hi": [
            0.0,
            0.0
        ],
        "tight/MTLow/hi": [
            0.0,
            0.0
        ],
        "tight/MTHigh/hi": [
            0.0,
            0.0
        ]
    },
    "QCD": {
        "looseNOTTight/MTLow/hi": [
            0.0,
            0.0
        ],
        "looseNOTTight/MTHigh/lo": [
            0.0,
            0.0
        ],
        "tight/MTHigh/lo": [
            0.0,
            0.0
        ],
        "tight/MTLow/lo": [
            19035.434814453125,
            4933.796856657592
        ],
        "looseNOTTight/MTLow/lo": [
            27580.301025390625,
            4531.139108756375
        ],
        "looseNOTTight/MTHigh/hi": [
            15538.097694456577,
            3297.878272353369
        ],
        "tight/MTLow/hi": [
            0.0,
            0.0
        ],
        "tight/MTHigh/hi": [
            15538.097694456577,
            3297.878272353369
        ]
    },
    "Other t#bar{t}": {
        "looseNOTTight/MTLow/hi": [
            0.0,
            0.0
        ],
        "looseNOTTight/MTHigh/lo": [
            393.8487003594637,
            8.817159666923416
        ],
        "tight/MTHigh/lo": [
            6277.7466712370515,
            33.98967945328311
        ],
        "tight/MTLow/lo": [
            2206.4708499908447,
            20.192840986584564
        ],
        "looseNOTTight/MTLow/lo": [
            208.27435582876205,
            6.400295533447537
        ],
        "looseNOTTight/MTHigh/hi": [
            0.0,
            0.0
        ],
        "tight/MTLow/hi": [
            0.0,
            0.0
        ],
        "tight/MTHigh/hi": [
            0.0,
            0.0
        ]
    },
    "Observed": {
        "looseNOTTight/MTLow/hi": [
            0.0,
            0.0
        ],
        "looseNOTTight/MTHigh/lo": [
            7317.0,
            85.53946457629952
        ],
        "tight/MTHigh/lo": [
            80047.0,
            282.92578532187554
        ],
        "tight/MTLow/lo": [
            42009.0,
            204.9609718946512
        ],
        "looseNOTTight/MTLow/lo": [
            5831.0,
            76.36098480245
        ],
        "looseNOTTight/MTHigh/hi": [
            0.0,
            0.0
        ],
        "tight/MTLow/hi": [
            0.0,
            0.0
        ],
        "tight/MTHigh/hi": [
            0.0,
            0.0
        ]
    },
    "t#bar{t} matched": {
        "looseNOTTight/MTLow/hi": [
            0.0,
            0.0
        ],
        "looseNOTTight/MTHigh/lo": [
            710.7798172086477,
            11.742346010972526
        ],
        "tight/MTHigh/lo": [
            16081.888698686802,
            54.03501605285772
        ],
        "tight/MTLow/lo": [
            8759.330490782857,
            39.73356093008537
        ],
        "looseNOTTight/MTLow/lo": [
            348.3083855956793,
            8.18893686522797
        ],
        "looseNOTTight/MTHigh/hi": [
            0.0,
            0.0
        ],
        "tight/MTLow/hi": [
            0.0,
            0.0
        ],
        "tight/MTHigh/hi": [
            0.0,
            0.0
        ]
    },
    "Other": {
        "looseNOTTight/MTLow/hi": [
            0.0,
            0.0
        ],
        "looseNOTTight/MTHigh/lo": [
            1997.6089581411798,
            748.2469740558921
        ],
        "tight/MTHigh/lo": [
            4338.815466115251,
            312.20167466713195
        ],
        "tight/MTLow/lo": [
            3364.4065165994107,
            349.6864543070007
        ],
        "looseNOTTight/MTLow/lo": [
            1720.699875678867,
            344.35739551915333
        ],
        "looseNOTTight/MTHigh/hi": [
            0.0,
            0.0
        ],
        "tight/MTLow/hi": [
            0.0,
            0.0
        ],
        "tight/MTHigh/hi": [
            0.0,
            0.0
        ]
    },
    "single top": {
        "looseNOTTight/MTLow/hi": [
            0.0,
            0.0
        ],
        "looseNOTTight/MTHigh/lo": [
            0.0,
            0.0
        ],
        "tight/MTHigh/lo": [
            0.0,
            0.0
        ],
        "tight/MTLow/lo": [
            9115.945068359375,
            91.91190966078231
        ],
        "looseNOTTight/MTLow/lo": [
            359.2196235656738,
            18.735825948173048
        ],
        "looseNOTTight/MTHigh/hi": [
            808.8823559433222,
            27.955028549629137
        ],
        "tight/MTLow/hi": [
            0.0,
            0.0
        ],
        "tight/MTHigh/hi": [
            19022.053167172708,
            131.76535155193656
        ]
    },
    "t#bar{t}": {
        "looseNOTTight/MTLow/hi": [
            0.0,
            0.0
        ],
        "looseNOTTight/MTHigh/lo": [
            0.0,
            0.0
        ],
        "tight/MTHigh/lo": [
            0.0,
            0.0
        ],
        "tight/MTLow/lo": [
            139413.9296875,
            160.33336475632458
        ],
        "looseNOTTight/MTLow/lo": [
            6026.7740478515625,
            34.49648736823686
        ],
        "looseNOTTight/MTHigh/hi": [
            13692.373140096664,
            52.146790685512826
        ],
        "tight/MTLow/hi": [
            0.0,
            0.0
        ],
        "tight/MTHigh/hi": [
            290239.53195905685,
            231.99147161035387
        ]
    },
    "EW": {
        "looseNOTTight/MTLow/hi": [
            0.0,
            0.0
        ],
        "looseNOTTight/MTHigh/lo": [
            0.0,
            0.0
        ],
        "tight/MTHigh/lo": [
            0.0,
            0.0
        ],
        "tight/MTLow/lo": [
            7989.5589599609375,
            641.0876625159782
        ],
        "looseNOTTight/MTLow/lo": [
            421.58116722106934,
            153.1569180392594
        ],
        "looseNOTTight/MTHigh/hi": [
            559.5249716609251,
            201.29472520871897
        ],
        "tight/MTLow/hi": [
            0.0,
            0.0
        ],
        "tight/MTHigh/hi": [
            15499.6344077338,
            989.9856993560442
        ]
    }
}