{
    "t#bar{t} unmatchable": {
        "looseNOTTight/MTLow/hi": [
            0.0,
            0.0
        ],
        "looseNOTTight/MTHigh/lo": [
            1915.1901943115517,
            19.451149231569097
        ],
        "tight/MTHigh/lo": [
            28682.11367981136,
            72.87438932887733
        ],
        "tight/MTLow/lo": [
            15249.541340634227,
            52.97993422304052
        ],
        "looseNOTTight/MTLow/lo": [
            902.231971219182,
            13.33660144831091
        ],
        "looseNOTTight/MTHigh/hi": [
            0.0,
            0.0
        ],
        "tight/MTLow/hi": [
            0.0,
            0.0
        ],
        "tight/MTHigh/hi": [
            0.0,
            0.0
        ]
    },
    "t#bar{t} matchable": {
        "looseNOTTight/MTLow/hi": [
            0.0,
            0.0
        ],
        "looseNOTTight/MTHigh/lo": [
            1141.6873934864998,
            15.056079909835262
        ],
        "tight/MTHigh/lo": [
            22898.426116384566,
            65.16370819188798
        ],
        "tight/MTLow/lo": [
            12312.590890020132,
            47.6321390779327
        ],
        "looseNOTTight/MTLow/lo": [
            545.1219668984413,
            10.349803391082014
        ],
        "looseNOTTight/MTHigh/hi": [
            0.0,
            0.0
        ],
        "tight/MTLow/hi": [
            0.0,
            0.0
        ],
        "tight/MTHigh/hi": [
            0.0,
            0.0
        ]
    },
    "QCD": {
        "looseNOTTight/MTLow/hi": [
            0.0,
            0.0
        ],
        "looseNOTTight/MTHigh/lo": [
            0.0,
            0.0
        ],
        "tight/MTHigh/lo": [
            0.0,
            0.0
        ],
        "tight/MTLow/lo": [
            11668.004150390625,
            4547.266023150905
        ],
        "looseNOTTight/MTLow/lo": [
            21675.42822265625,
            4106.319168635534
        ],
        "looseNOTTight/MTHigh/hi": [
            11423.15533041954,
            2820.8012606732846
        ],
        "tight/MTLow/hi": [
            0.0,
            0.0
        ],
        "tight/MTHigh/hi": [
            6958.503562785685,
            4629.35876599341
        ]
    },
    "Other t#bar{t}": {
        "looseNOTTight/MTLow/hi": [
            0.0,
            0.0
        ],
        "looseNOTTight/MTHigh/lo": [
            393.8486936837435,
            8.817159666923416
        ],
        "tight/MTHigh/lo": [
            6277.746652580798,
            33.98967945328311
        ],
        "tight/MTLow/lo": [
            2206.470848798752,
            20.192840986584564
        ],
        "looseNOTTight/MTLow/lo": [
            208.27435261011124,
            6.400295533447537
        ],
        "looseNOTTight/MTHigh/hi": [
            0.0,
            0.0
        ],
        "tight/MTLow/hi": [
            0.0,
            0.0
        ],
        "tight/MTHigh/hi": [
            0.0,
            0.0
        ]
    },
    "Observed": {
        "looseNOTTight/MTLow/hi": [
            0.0,
            0.0
        ],
        "looseNOTTight/MTHigh/lo": [
            7317.0,
            85.53946457629952
        ],
        "tight/MTHigh/lo": [
            80047.0,
            282.92578532187554
        ],
        "tight/MTLow/lo": [
            42009.0,
            204.9609718946512
        ],
        "looseNOTTight/MTLow/lo": [
            5831.0,
            76.36098480245
        ],
        "looseNOTTight/MTHigh/hi": [
            0.0,
            0.0
        ],
        "tight/MTLow/hi": [
            0.0,
            0.0
        ],
        "tight/MTHigh/hi": [
            0.0,
            0.0
        ]
    },
    "t#bar{t} matched": {
        "looseNOTTight/MTLow/hi": [
            0.0,
            0.0
        ],
        "looseNOTTight/MTHigh/lo": [
            710.7798021882772,
            11.742346010972526
        ],
        "tight/MTHigh/lo": [
            16081.888636221134,
            54.03501605285773
        ],
        "tight/MTLow/lo": [
            8759.330563560128,
            39.73356093008536
        ],
        "looseNOTTight/MTLow/lo": [
            348.30837474763393,
            8.18893686522797
        ],
        "looseNOTTight/MTHigh/hi": [
            0.0,
            0.0
        ],
        "tight/MTLow/hi": [
            0.0,
            0.0
        ],
        "tight/MTHigh/hi": [
            0.0,
            0.0
        ]
    },
    "Other": {
        "looseNOTTight/MTLow/hi": [
            0.0,
            0.0
        ],
        "looseNOTTight/MTHigh/lo": [
            1997.6089584992733,
            748.2469740558921
        ],
        "tight/MTHigh/lo": [
            4338.815466115251,
            312.20167466713195
        ],
        "tight/MTLow/lo": [
            3364.406544732803,
            349.6864543070007
        ],
        "looseNOTTight/MTLow/lo": [
            1720.699906207621,
            344.35739551915333
        ],
        "looseNOTTight/MTHigh/hi": [
            0.0,
            0.0
        ],
        "tight/MTLow/hi": [
            0.0,
            0.0
        ],
        "tight/MTHigh/hi": [
            0.0,
            0.0
        ]
    },
    "single top": {
        "looseNOTTight/MTLow/hi": [
            0.0,
            0.0
        ],
        "looseNOTTight/MTHigh/lo": [
            0.0,
            0.0
        ],
        "tight/MTHigh/lo": [
            0.0,
            0.0
        ],
        "tight/MTLow/lo": [
            4922.6719970703125,
            70.57096895980541
        ],
        "looseNOTTight/MTLow/lo": [
            226.86544036865234,
            15.393282709559632
        ],
        "looseNOTTight/MTHigh/hi": [
            463.64635033905506,
            21.961699074312033
        ],
        "tight/MTLow/hi": [
            0.0,
            0.0
        ],
        "tight/MTHigh/hi": [
            9860.819489696063,
            98.85523212412544
        ]
    },
    "t#bar{t}": {
        "looseNOTTight/MTLow/hi": [
            0.0,
            0.0
        ],
        "looseNOTTight/MTHigh/lo": [
            0.0,
            0.0
        ],
        "tight/MTHigh/lo": [
            0.0,
            0.0
        ],
        "tight/MTLow/lo": [
            114542.734375,
            145.21861958182933
        ],
        "looseNOTTight/MTLow/lo": [
            5076.98095703125,
            31.627923101409944
        ],
        "looseNOTTight/MTHigh/hi": [
            11318.682622164488,
            47.3866351058473
        ],
        "tight/MTLow/hi": [
            0.0,
            0.0
        ],
        "tight/MTHigh/hi": [
            231102.19512200356,
            206.87985770832498
        ]
    },
    "EW": {
        "looseNOTTight/MTLow/hi": [
            0.0,
            0.0
        ],
        "looseNOTTight/MTHigh/lo": [
            0.0,
            0.0
        ],
        "tight/MTHigh/lo": [
            0.0,
            0.0
        ],
        "tight/MTLow/lo": [
            4057.1441955566406,
            454.7155143931605
        ],
        "looseNOTTight/MTLow/lo": [
            292.81894969940186,
            132.5406248018384
        ],
        "looseNOTTight/MTHigh/hi": [
            251.70825958426576,
            123.71129736149972
        ],
        "tight/MTLow/hi": [
            0.0,
            0.0
        ],
        "tight/MTHigh/hi": [
            6632.58773546014,
            623.1108830280442
        ]
    }
}