{
    "muons": {
        "3": 5325.648193858859,
        "4+": 3106.0124908015414
    },
    "electrons": {
        "3": 5938.15856470315,
        "4+": 3215.317294245004
    }
}