{
    "muons": {
        "3": 5390.832606244375,
        "4+": 3153.1517065514513
    },
    "electrons": {
        "3": 5940.135389774083,
        "4+": 3212.956799660055
    }
}